name,start time,end time
00841.png,1641948417.321501400,1641948418.850623900
00844.png,1641948417.321535400,1641948418.262961500
00846.png,1641948417.321606400,1641948418.622300100
00849.png,1641948417.321651700,1641948418.263382500
IST-1.png,1641948417.321702000,1641948418.113546200
IST-2.png,1641948417.321951600,1641948418.72492400
IST-3.png,1641948417.321754400,1641948419.605724700
Lisboa-1.png,1641948417.322248900,1641948418.535518900
Thread 0,1641948417.321501200,1641948418.850624000
Thread 1,1641948417.321535200,1641948418.262961800
Thread 2,1641948417.321606400,1641948418.622300400
Thread 3,1641948417.321651600,1641948418.263382700
Thread 4,1641948417.321701900,1641948418.113546400
Thread 5,1641948417.321951500,1641948418.72492700
Thread 6,1641948417.321754300,1641948419.605724900
Thread 7,1641948417.322248700,1641948418.535519200
Total,1641948417.313696800,1641948419.606066200
