name,start time,end time
00841.png,1642006370.456979300,1642006472.518899500
00844.png,1642006370.140981800,1642006452.707578700
00846.png,1642006370.517920800,1642006468.37471100
00849.png,1642006370.548406600,1642006451.868271700
IST-1.png,1642006370.517701600,1642006451.659565800
IST-2.png,1642006370.456831500,1642006453.786310600
IST-3.png,1642006370.404239400,1642006504.34199100
Lisboa-1.png,1642006370.528189300,1642006471.132539800
Thread 0,1642006370.456977400,1642006472.518903100
Thread 1,1642006370.140810200,1642006452.707582500
Thread 2,1642006370.517918800,1642006468.37474800
Thread 3,1642006370.548403000,1642006451.868275800
Thread 4,1642006370.517698600,1642006451.659780100
Thread 5,1642006370.456829200,1642006453.786313700
Thread 6,1642006370.404237200,1642006504.34203100
Thread 7,1642006370.528186900,1642006471.132543500
Total,1642006369.674448300,1642006504.68088600
