name,start time,end time
00841.png,1641948970.854397700,1641949028.634594500
00844.png,1641948970.701368400,1641949014.285581000
00846.png,1641948970.765459700,1641949022.492445500
00849.png,1641948970.854159300,1641949016.185516000
IST-1.png,1641948970.854462300,1641949007.904958300
IST-2.png,1641948970.854043200,1641949015.560949600
IST-3.png,1641948970.919098600,1641949044.958701500
Lisboa-1.png,1641948970.909647700,1641949026.20592300
Thread 0,1641948970.854396500,1641949028.634597300
Thread 1,1641948970.701256400,1641949014.285583100
Thread 2,1641948970.765457700,1641949022.492448600
Thread 3,1641948970.854157800,1641949016.185518700
Thread 4,1641948970.854460900,1641949007.905138700
Thread 5,1641948970.854040800,1641949015.560952300
Thread 6,1641948970.919096900,1641949044.958705600
Thread 7,1641948970.909645700,1641949026.20594500
Total,1641948970.423246500,1641949044.961807400
